timeStamp,elapsed,label,responseCode,responseMessage,threadName,dataType,success,failureMessage,bytes,sentBytes,grpThreads,allThreads,URL,Latency,IdleTime,Connect
1602582832992,66183,HTTP Request,200,OK,Grupa wątków 1-11,text,true,,321325,429,50,50,https://localhost:5001/ExchangeRate/GetFromDates/,66048,0,117
1602582833652,65527,HTTP Request,200,OK,Grupa wątków 1-44,text,true,,321325,429,50,50,https://localhost:5001/ExchangeRate/GetFromDates/,65339,0,675
1602582833492,65686,HTTP Request,200,OK,Grupa wątków 1-36,text,true,,321325,429,50,50,https://localhost:5001/ExchangeRate/GetFromDates/,65499,0,476
1602582833072,66108,HTTP Request,200,OK,Grupa wątków 1-15,text,true,,321325,429,50,50,https://localhost:5001/ExchangeRate/GetFromDates/,65972,0,83
1602582833373,65814,HTTP Request,200,OK,Grupa wątków 1-30,text,true,,321325,429,50,50,https://localhost:5001/ExchangeRate/GetFromDates/,65749,0,189
1602582833730,65465,HTTP Request,200,OK,Grupa wątków 1-48,text,true,,321325,429,50,50,https://localhost:5001/ExchangeRate/GetFromDates/,65392,0,610
1602582833455,65741,HTTP Request,200,OK,Grupa wątków 1-34,text,true,,321325,429,50,50,https://localhost:5001/ExchangeRate/GetFromDates/,65672,0,366
1602582832874,66901,HTTP Request,200,OK,Grupa wątków 1-5,text,true,,321325,429,50,50,https://localhost:5001/ExchangeRate/GetFromDates/,66251,0,115
1602582833273,70486,HTTP Request,200,OK,Grupa wątków 1-25,text,true,,321325,429,50,50,https://localhost:5001/ExchangeRate/GetFromDates/,65994,0,77
1602582832914,70846,HTTP Request,200,OK,Grupa wątków 1-7,text,true,,321325,429,50,50,https://localhost:5001/ExchangeRate/GetFromDates/,66309,0,236
1602582833392,70370,HTTP Request,200,OK,Grupa wątków 1-31,text,true,,321325,429,50,50,https://localhost:5001/ExchangeRate/GetFromDates/,66389,0,175
1602582833054,70712,HTTP Request,200,OK,Grupa wątków 1-14,text,true,,321325,429,50,50,https://localhost:5001/ExchangeRate/GetFromDates/,70695,0,151
1602582833671,70115,HTTP Request,200,OK,Grupa wątków 1-45,text,true,,321325,429,50,50,https://localhost:5001/ExchangeRate/GetFromDates/,65591,0,683
1602582833551,70237,HTTP Request,200,OK,Grupa wątków 1-39,text,true,,321325,429,50,50,https://localhost:5001/ExchangeRate/GetFromDates/,70219,0,423
1602582899178,18445,HTTP Request,Non HTTP response code: org.apache.http.NoHttpResponseException,Non HTTP response message: localhost:5001 failed to respond,Grupa wątków 1-11,text,false,,2081,0,50,50,https://localhost:5001/ExchangeRate/GetFromDates/,0,0,11898
1602582833252,86160,HTTP Request,200,OK,Grupa wątków 1-24,text,true,,321325,429,50,50,https://localhost:5001/ExchangeRate/GetFromDates/,86066,0,58
1602582832974,86440,HTTP Request,200,OK,Grupa wątków 1-10,text,true,,321325,429,50,50,https://localhost:5001/ExchangeRate/GetFromDates/,86369,0,90
1602582833473,85946,HTTP Request,200,OK,Grupa wątków 1-35,text,true,,321325,429,50,50,https://localhost:5001/ExchangeRate/GetFromDates/,85911,0,495
1602582833231,86189,HTTP Request,200,OK,Grupa wątków 1-23,text,true,,321325,429,50,50,https://localhost:5001/ExchangeRate/GetFromDates/,86114,0,233
1602582832795,86630,HTTP Request,200,OK,Grupa wątków 1-1,text,true,,321325,429,50,50,https://localhost:5001/ExchangeRate/GetFromDates/,86592,0,98
1602582833312,86121,HTTP Request,200,OK,Grupa wątków 1-27,text,true,,321325,429,50,50,https://localhost:5001/ExchangeRate/GetFromDates/,86072,0,78
1602582833591,85871,HTTP Request,200,OK,Grupa wątków 1-41,text,true,,321325,429,50,50,https://localhost:5001/ExchangeRate/GetFromDates/,85847,0,725
1602582833512,85971,HTTP Request,200,OK,Grupa wątków 1-37,text,true,,321325,429,50,50,https://localhost:5001/ExchangeRate/GetFromDates/,85937,0,470
1602582833571,85915,HTTP Request,200,OK,Grupa wątków 1-40,text,true,,321325,429,50,50,https://localhost:5001/ExchangeRate/GetFromDates/,85899,0,467
1602582833532,85968,HTTP Request,200,OK,Grupa wątków 1-38,text,true,,321325,429,50,50,https://localhost:5001/ExchangeRate/GetFromDates/,85953,0,442
1602582833192,86362,HTTP Request,200,OK,Grupa wątków 1-21,text,true,,321325,429,50,50,https://localhost:5001/ExchangeRate/GetFromDates/,86302,0,167
1602582833771,86037,HTTP Request,200,OK,Grupa wątków 1-50,text,true,,321325,429,50,50,https://localhost:5001/ExchangeRate/GetFromDates/,85735,0,554
1602582833134,86675,HTTP Request,200,OK,Grupa wątków 1-18,text,true,,321325,429,50,50,https://localhost:5001/ExchangeRate/GetFromDates/,86348,0,115
1602582833752,86057,HTTP Request,200,OK,Grupa wątków 1-49,text,true,,321325,429,50,50,https://localhost:5001/ExchangeRate/GetFromDates/,85800,0,590
1602582832831,87208,HTTP Request,200,OK,Grupa wątków 1-3,text,true,,321325,429,50,50,https://localhost:5001/ExchangeRate/GetFromDates/,86615,0,62
1602582833711,86856,HTTP Request,200,OK,Grupa wątków 1-47,text,true,,321325,429,50,50,https://localhost:5001/ExchangeRate/GetFromDates/,85854,0,604
1602582833092,87815,HTTP Request,200,OK,Grupa wątków 1-16,text,true,,321325,429,50,50,https://localhost:5001/ExchangeRate/GetFromDates/,86720,0,113
1602582832938,88986,HTTP Request,200,OK,Grupa wątków 1-8,text,true,,321325,429,50,50,https://localhost:5001/ExchangeRate/GetFromDates/,86613,0,149
1602582833032,90137,HTTP Request,200,OK,Grupa wątków 1-13,text,true,,321325,429,50,50,https://localhost:5001/ExchangeRate/GetFromDates/,87029,0,92
1602582833155,90018,HTTP Request,200,OK,Grupa wątków 1-19,text,true,,321325,429,50,50,https://localhost:5001/ExchangeRate/GetFromDates/,86657,0,405
1602582833112,90340,HTTP Request,200,OK,Grupa wątków 1-17,text,true,,321325,429,50,50,https://localhost:5001/ExchangeRate/GetFromDates/,87023,0,129
1602582832952,93535,HTTP Request,200,OK,Grupa wątków 1-9,text,true,,321325,429,50,50,https://localhost:5001/ExchangeRate/GetFromDates/,90505,0,115
1602582833412,101852,HTTP Request,200,OK,Grupa wątków 1-32,text,true,,321325,429,50,50,https://localhost:5001/ExchangeRate/GetFromDates/,98657,0,409
1602582833334,101944,HTTP Request,200,OK,Grupa wątków 1-28,text,true,,321325,429,50,50,https://localhost:5001/ExchangeRate/GetFromDates/,99418,0,164
1602582833212,102076,HTTP Request,200,OK,Grupa wątków 1-22,text,true,,321325,429,50,50,https://localhost:5001/ExchangeRate/GetFromDates/,100197,0,194
1602582833692,101596,HTTP Request,200,OK,Grupa wątków 1-46,text,true,,321325,429,50,50,https://localhost:5001/ExchangeRate/GetFromDates/,99717,0,708
1602582833612,101698,HTTP Request,200,OK,Grupa wątków 1-42,text,true,,321325,429,50,50,https://localhost:5001/ExchangeRate/GetFromDates/,99981,0,621
1602582833014,102307,HTTP Request,200,OK,Grupa wątków 1-12,text,true,,321325,429,50,50,https://localhost:5001/ExchangeRate/GetFromDates/,100585,0,155
1602582833632,101689,HTTP Request,200,OK,Grupa wątków 1-43,text,true,,321325,429,50,50,https://localhost:5001/ExchangeRate/GetFromDates/,99963,0,605
1602582833174,102149,HTTP Request,200,OK,Grupa wątków 1-20,text,true,,321325,429,50,50,https://localhost:5001/ExchangeRate/GetFromDates/,100427,0,87
1602582833437,101897,HTTP Request,200,OK,Grupa wątków 1-33,text,true,,321325,429,50,50,https://localhost:5001/ExchangeRate/GetFromDates/,99315,0,250
1602582832851,102489,HTTP Request,200,OK,Grupa wątków 1-4,text,true,,321325,429,50,50,https://localhost:5001/ExchangeRate/GetFromDates/,100747,0,48
1602582832894,102455,HTTP Request,200,OK,Grupa wątków 1-6,text,true,,321325,429,50,50,https://localhost:5001/ExchangeRate/GetFromDates/,100518,0,161
1602582833353,102033,HTTP Request,200,OK,Grupa wątków 1-29,text,true,,321325,429,50,50,https://localhost:5001/ExchangeRate/GetFromDates/,100251,0,466
1602582833292,102109,HTTP Request,200,OK,Grupa wątków 1-26,text,true,,321325,429,50,50,https://localhost:5001/ExchangeRate/GetFromDates/,100301,0,58
1602582832815,102815,HTTP Request,200,OK,Grupa wątków 1-2,text,true,,321325,429,50,50,https://localhost:5001/ExchangeRate/GetFromDates/,102447,0,73
1602582899194,68283,HTTP Request,200,OK,Grupa wątków 1-48,text,true,,321325,429,50,50,https://localhost:5001/ExchangeRate/GetFromDates/,58016,0,18428
1602582899178,68973,HTTP Request,200,OK,Grupa wątków 1-36,text,true,,321325,429,50,50,https://localhost:5001/ExchangeRate/GetFromDates/,67147,0,4605
1602582899195,69090,HTTP Request,200,OK,Grupa wątków 1-34,text,true,,321325,429,50,50,https://localhost:5001/ExchangeRate/GetFromDates/,66306,0,19966
1602582903761,64993,HTTP Request,200,OK,Grupa wątków 1-7,text,true,,321325,429,50,50,https://localhost:5001/ExchangeRate/GetFromDates/,62666,0,15627
1602582899186,69913,HTTP Request,200,OK,Grupa wątków 1-30,text,true,,321325,429,50,50,https://localhost:5001/ExchangeRate/GetFromDates/,67139,0,5648
1602582903786,65742,HTTP Request,200,OK,Grupa wątków 1-45,text,true,,321325,429,50,50,https://localhost:5001/ExchangeRate/GetFromDates/,62540,0,17111
1602582903763,66456,HTTP Request,200,OK,Grupa wątków 1-31,text,true,,321325,429,50,50,https://localhost:5001/ExchangeRate/GetFromDates/,62563,0,15651
1602582899178,71729,HTTP Request,200,OK,Grupa wątków 1-44,text,true,,321325,429,50,50,https://localhost:5001/ExchangeRate/GetFromDates/,67518,0,4571
1602582903789,67553,HTTP Request,200,OK,Grupa wątków 1-39,text,true,,321325,429,50,50,https://localhost:5001/ExchangeRate/GetFromDates/,63678,0,17666
1602582903760,68447,HTTP Request,200,OK,Grupa wątków 1-25,text,true,,321325,429,50,50,https://localhost:5001/ExchangeRate/GetFromDates/,62938,0,15625
1602582903767,70069,HTTP Request,200,OK,Grupa wątków 1-14,text,true,,321325,429,50,50,https://localhost:5001/ExchangeRate/GetFromDates/,66080,0,16022
1602582919419,59106,HTTP Request,200,OK,Grupa wątków 1-23,text,true,,321325,429,50,50,https://localhost:5001/ExchangeRate/GetFromDates/,56744,0,9384
1602582899774,95735,HTTP Request,200,OK,Grupa wątków 1-5,text,true,,321325,429,50,50,https://localhost:5001/ExchangeRate/GetFromDates/,79094,0,19569
1602582919412,76733,HTTP Request,200,OK,Grupa wątków 1-24,text,true,,321325,429,50,50,https://localhost:5001/ExchangeRate/GetFromDates/,64595,0,4596
1602582917624,78521,HTTP Request,200,OK,Grupa wątków 1-11,text,true,,321325,429,50,50,https://localhost:5001/ExchangeRate/GetFromDates/,66384,0,4814
1602582919419,76726,HTTP Request,200,OK,Grupa wątków 1-35,text,true,,321325,429,50,50,https://localhost:5001/ExchangeRate/GetFromDates/,65036,0,12465
1602582919462,76685,HTTP Request,200,OK,Grupa wątków 1-41,text,true,,321325,429,50,50,https://localhost:5001/ExchangeRate/GetFromDates/,64543,0,15895
1602582919808,76341,HTTP Request,200,OK,Grupa wątków 1-50,text,true,,321325,429,50,50,https://localhost:5001/ExchangeRate/GetFromDates/,64646,0,21333
1602582919424,76726,HTTP Request,200,OK,Grupa wątków 1-1,text,true,,321325,429,50,50,https://localhost:5001/ExchangeRate/GetFromDates/,65031,0,13985
1602582919433,76722,HTTP Request,200,OK,Grupa wątków 1-27,text,true,,321325,429,50,50,https://localhost:5001/ExchangeRate/GetFromDates/,64628,0,14997
1602582919414,76749,HTTP Request,200,OK,Grupa wątków 1-10,text,true,,321325,429,50,50,https://localhost:5001/ExchangeRate/GetFromDates/,65042,0,6715
1602582919485,77232,HTTP Request,200,OK,Grupa wątków 1-40,text,true,,321325,429,50,50,https://localhost:5001/ExchangeRate/GetFromDates/,74686,0,16658
1602582919482,77236,HTTP Request,200,OK,Grupa wątków 1-37,text,true,,321325,429,50,50,https://localhost:5001/ExchangeRate/GetFromDates/,66916,0,15854
1602582899180,97793,HTTP Request,200,OK,Grupa wątków 1-15,text,true,,321325,429,50,50,https://localhost:5001/ExchangeRate/GetFromDates/,87218,0,4573
1602582919499,77818,HTTP Request,200,OK,Grupa wątków 1-38,text,true,,321325,429,50,50,https://localhost:5001/ExchangeRate/GetFromDates/,68840,0,18589
1602582919808,77634,HTTP Request,200,OK,Grupa wątków 1-49,text,true,,321325,429,50,50,https://localhost:5001/ExchangeRate/GetFromDates/,75700,0,22825
1602582920567,77300,HTTP Request,200,OK,Grupa wątków 1-47,text,true,,321325,429,50,50,https://localhost:5001/ExchangeRate/GetFromDates/,75578,0,24647
1602582919554,78319,HTTP Request,200,OK,Grupa wątków 1-21,text,true,,321325,429,50,50,https://localhost:5001/ExchangeRate/GetFromDates/,75952,0,18869
1602582919808,80256,HTTP Request,200,OK,Grupa wątków 1-18,text,true,,321325,429,50,50,https://localhost:5001/ExchangeRate/GetFromDates/,76353,0,19692
1602582920038,90537,HTTP Request,200,OK,Grupa wątków 1-3,text,true,,321325,429,50,50,https://localhost:5001/ExchangeRate/GetFromDates/,84923,0,23934
1602582926487,87928,HTTP Request,200,OK,Grupa wątków 1-9,text,true,,321325,429,50,50,https://localhost:5001/ExchangeRate/GetFromDates/,81726,0,26863
1602582923170,91712,HTTP Request,200,OK,Grupa wątków 1-13,text,true,,321325,429,50,50,https://localhost:5001/ExchangeRate/GetFromDates/,85043,0,27372
1602582921925,93321,HTTP Request,200,OK,Grupa wątków 1-8,text,true,,321325,429,50,50,https://localhost:5001/ExchangeRate/GetFromDates/,87655,0,24852
1602582923174,95866,HTTP Request,200,OK,Grupa wątków 1-19,text,true,,321325,429,50,50,https://localhost:5001/ExchangeRate/GetFromDates/,87399,0,30170
1602582923452,96211,HTTP Request,200,OK,Grupa wątków 1-17,text,true,,321325,429,50,50,https://localhost:5001/ExchangeRate/GetFromDates/,87881,0,33759
1602582935288,85021,HTTP Request,200,OK,Grupa wątków 1-22,text,true,,321325,429,50,50,https://localhost:5001/ExchangeRate/GetFromDates/,76044,0,31587
1602582935264,85045,HTTP Request,200,OK,Grupa wątków 1-32,text,true,,321325,429,50,50,https://localhost:5001/ExchangeRate/GetFromDates/,75311,0,25263
1602582935288,85026,HTTP Request,200,OK,Grupa wątków 1-46,text,true,,321325,429,50,50,https://localhost:5001/ExchangeRate/GetFromDates/,79956,0,31411
1602582920906,99409,HTTP Request,200,OK,Grupa wątków 1-16,text,true,,321325,429,50,50,https://localhost:5001/ExchangeRate/GetFromDates/,80651,0,25863
1602582935341,84993,HTTP Request,200,OK,Grupa wątków 1-4,text,true,,321325,429,50,50,https://localhost:5001/ExchangeRate/GetFromDates/,83072,0,36007
1602582935311,85029,HTTP Request,200,OK,Grupa wątków 1-42,text,true,,321325,429,50,50,https://localhost:5001/ExchangeRate/GetFromDates/,84332,0,32147
1602582935322,85025,HTTP Request,200,OK,Grupa wątków 1-12,text,true,,321325,429,50,50,https://localhost:5001/ExchangeRate/GetFromDates/,84337,0,32144
1602582935323,86867,HTTP Request,200,OK,Grupa wątków 1-20,text,true,,321325,429,50,50,https://localhost:5001/ExchangeRate/GetFromDates/,85095,0,32818
1602582935334,88177,HTTP Request,200,OK,Grupa wątków 1-33,text,true,,321325,429,50,50,https://localhost:5001/ExchangeRate/GetFromDates/,86439,0,34511
1602582935350,92713,HTTP Request,200,OK,Grupa wątków 1-6,text,true,,321325,429,50,50,https://localhost:5001/ExchangeRate/GetFromDates/,86965,0,38996
1602583020341,20623,HTTP Request,Non HTTP response code: org.apache.http.NoHttpResponseException,Non HTTP response message: localhost:5001 failed to respond,Grupa wątków 1-42,text,false,,2081,0,50,50,https://localhost:5001/ExchangeRate/GetFromDates/,0,0,10580
1602583020335,20629,HTTP Request,Non HTTP response code: org.apache.http.NoHttpResponseException,Non HTTP response message: localhost:5001 failed to respond,Grupa wątków 1-4,text,false,,2081,0,50,50,https://localhost:5001/ExchangeRate/GetFromDates/,0,0,10584
1602582968156,80096,HTTP Request,200,OK,Grupa wątków 1-36,text,true,,321325,429,50,50,https://localhost:5001/ExchangeRate/GetFromDates/,80070,0,19766
1602582935278,112975,HTTP Request,200,OK,Grupa wątków 1-28,text,true,,321325,429,50,50,https://localhost:5001/ExchangeRate/GetFromDates/,106464,0,30225
1602582935387,112868,HTTP Request,200,OK,Grupa wątków 1-29,text,true,,321325,429,50,50,https://localhost:5001/ExchangeRate/GetFromDates/,106405,0,41660
1602582935322,112936,HTTP Request,200,OK,Grupa wątków 1-43,text,true,,321325,429,50,50,https://localhost:5001/ExchangeRate/GetFromDates/,112903,0,32160
1602582968754,79512,HTTP Request,200,OK,Grupa wątków 1-7,text,true,,321325,429,50,50,https://localhost:5001/ExchangeRate/GetFromDates/,79478,0,26074
1602582972207,76066,HTTP Request,200,OK,Grupa wątków 1-25,text,true,,321325,429,50,50,https://localhost:5001/ExchangeRate/GetFromDates/,76019,0,25658
1602582967478,80815,HTTP Request,200,OK,Grupa wątków 1-48,text,true,,321325,429,50,50,https://localhost:5001/ExchangeRate/GetFromDates/,80795,0,18936
1602582935402,119896,HTTP Request,200,OK,Grupa wątków 1-26,text,true,,321325,429,50,50,https://localhost:5001/ExchangeRate/GetFromDates/,113832,0,48605
1602582978526,78160,HTTP Request,200,OK,Grupa wątków 1-23,text,true,,321325,429,50,50,https://localhost:5001/ExchangeRate/GetFromDates/,70707,0,0
1602582935631,121056,HTTP Request,200,OK,Grupa wątków 1-2,text,true,,321325,429,50,50,https://localhost:5001/ExchangeRate/GetFromDates/,113900,0,50782
1602582996145,70211,HTTP Request,200,OK,Grupa wątków 1-35,text,true,,321325,429,50,50,https://localhost:5001/ExchangeRate/GetFromDates/,64020,0,9705
1602582996145,70233,HTTP Request,200,OK,Grupa wątków 1-24,text,true,,321325,429,50,50,https://localhost:5001/ExchangeRate/GetFromDates/,64001,0,6781
1602582996150,70717,HTTP Request,200,OK,Grupa wątków 1-50,text,true,,321325,429,50,50,https://localhost:5001/ExchangeRate/GetFromDates/,68867,0,13426
1602582996155,71215,HTTP Request,200,OK,Grupa wątków 1-27,text,true,,321325,429,50,50,https://localhost:5001/ExchangeRate/GetFromDates/,68734,0,14417
1602582969528,105736,HTTP Request,200,OK,Grupa wątków 1-45,text,true,,321325,429,50,50,https://localhost:5001/ExchangeRate/GetFromDates/,97006,0,25300
1602582970907,104359,HTTP Request,200,OK,Grupa wątków 1-44,text,true,,321325,429,50,50,https://localhost:5001/ExchangeRate/GetFromDates/,94113,0,25262
1602582996974,78296,HTTP Request,200,OK,Grupa wątków 1-15,text,true,,321325,429,50,50,https://localhost:5001/ExchangeRate/GetFromDates/,69378,0,17904
1602582973835,106065,HTTP Request,200,OK,Grupa wątków 1-14,text,true,,321325,429,50,50,https://localhost:5001/ExchangeRate/GetFromDates/,93734,0,26231
1602582996148,83758,HTTP Request,200,OK,Grupa wątków 1-41,text,true,,321325,429,50,50,https://localhost:5001/ExchangeRate/GetFromDates/,72790,0,11480
1602582996719,84119,HTTP Request,200,OK,Grupa wątków 1-40,text,true,,321325,429,50,50,https://localhost:5001/ExchangeRate/GetFromDates/,78549,0,13923
1602582997443,83399,HTTP Request,200,OK,Grupa wątków 1-49,text,true,,321325,429,50,50,https://localhost:5001/ExchangeRate/GetFromDates/,77830,0,20004
1602583000066,83069,HTTP Request,200,OK,Grupa wątków 1-18,text,true,,321325,429,50,50,https://localhost:5001/ExchangeRate/GetFromDates/,75917,0,19594
1602582995510,87624,HTTP Request,200,OK,Grupa wątków 1-5,text,true,,321325,429,50,50,https://localhost:5001/ExchangeRate/GetFromDates/,80472,0,5570
1602582996165,86970,HTTP Request,200,OK,Grupa wątków 1-10,text,true,,321325,429,50,50,https://localhost:5001/ExchangeRate/GetFromDates/,79818,0,14414
1602582996151,87341,HTTP Request,200,OK,Grupa wątków 1-1,text,true,,321325,429,50,50,https://localhost:5001/ExchangeRate/GetFromDates/,79863,0,13427
1602583019041,64452,HTTP Request,200,OK,Grupa wątków 1-19,text,true,,321325,429,50,50,https://localhost:5001/ExchangeRate/GetFromDates/,58774,0,2688
1602582968285,116018,HTTP Request,200,OK,Grupa wątków 1-34,text,true,,321325,429,50,50,https://localhost:5001/ExchangeRate/GetFromDates/,111613,0,24594
1602582997319,86988,HTTP Request,200,OK,Grupa wątków 1-38,text,true,,321325,429,50,50,https://localhost:5001/ExchangeRate/GetFromDates/,82586,0,20128
1602582969100,116920,HTTP Request,200,OK,Grupa wątków 1-30,text,true,,321325,429,50,50,https://localhost:5001/ExchangeRate/GetFromDates/,112438,0,26407
1602582996719,89303,HTTP Request,200,OK,Grupa wątków 1-37,text,true,,321325,429,50,50,https://localhost:5001/ExchangeRate/GetFromDates/,84820,0,13922
1602582971342,115858,HTTP Request,200,OK,Grupa wątków 1-39,text,true,,321325,429,50,50,https://localhost:5001/ExchangeRate/GetFromDates/,112980,0,25184
1602582996145,91064,HTTP Request,200,OK,Grupa wątków 1-11,text,true,,321325,429,50,50,https://localhost:5001/ExchangeRate/GetFromDates/,88262,0,4963
1602583010576,79309,HTTP Request,200,OK,Grupa wątków 1-3,text,true,,321325,429,50,50,https://localhost:5001/ExchangeRate/GetFromDates/,76649,0,9086
1602583015246,78552,HTTP Request,200,OK,Grupa wątków 1-8,text,true,,321325,429,50,50,https://localhost:5001/ExchangeRate/GetFromDates/,74730,0,5118
1602582997875,98151,HTTP Request,200,OK,Grupa wątków 1-21,text,true,,321325,429,50,50,https://localhost:5001/ExchangeRate/GetFromDates/,92017,0,21745
1602583014882,82161,HTTP Request,200,OK,Grupa wątków 1-13,text,true,,321325,429,50,50,https://localhost:5001/ExchangeRate/GetFromDates/,78965,0,5433
1602583028063,72903,HTTP Request,200,OK,Grupa wątków 1-6,text,true,,321325,429,50,50,https://localhost:5001/ExchangeRate/GetFromDates/,71308,0,20177
1602582997868,103426,HTTP Request,200,OK,Grupa wątków 1-47,text,true,,321325,429,50,50,https://localhost:5001/ExchangeRate/GetFromDates/,101335,0,20546
1602582970219,132432,HTTP Request,200,OK,Grupa wątków 1-31,text,true,,321325,429,50,50,https://localhost:5001/ExchangeRate/GetFromDates/,129234,0,25288
1602583020316,83132,HTTP Request,200,OK,Grupa wątków 1-16,text,true,,321325,429,50,50,https://localhost:5001/ExchangeRate/GetFromDates/,79138,0,9226
1602583020315,85151,HTTP Request,200,OK,Grupa wątków 1-46,text,true,,321325,429,50,50,https://localhost:5001/ExchangeRate/GetFromDates/,79653,0,7857
1602583075270,31567,HTTP Request,Non HTTP response code: org.apache.http.NoHttpResponseException,Non HTTP response message: localhost:5001 failed to respond,Grupa wątków 1-15,text,false,,2081,0,50,50,https://localhost:5001/ExchangeRate/GetFromDates/,0,0,21509
1602583020310,88694,HTTP Request,200,OK,Grupa wątków 1-32,text,true,,321325,429,50,50,https://localhost:5001/ExchangeRate/GetFromDates/,80084,0,6077
1602583020348,88862,HTTP Request,200,OK,Grupa wątków 1-12,text,true,,321325,429,50,50,https://localhost:5001/ExchangeRate/GetFromDates/,85116,0,27878
1602583048254,61200,HTTP Request,200,OK,Grupa wątków 1-29,text,true,,321325,429,50,50,https://localhost:5001/ExchangeRate/GetFromDates/,60970,0,11886
1602583040964,68512,HTTP Request,200,OK,Grupa wątków 1-42,text,true,,321325,429,50,50,https://localhost:5001/ExchangeRate/GetFromDates/,68073,0,7275
1602583040964,68725,HTTP Request,200,OK,Grupa wątków 1-4,text,true,,321325,429,50,50,https://localhost:5001/ExchangeRate/GetFromDates/,68264,0,7277
1602583014415,95373,HTTP Request,200,OK,Grupa wątków 1-9,text,true,,321325,429,50,50,https://localhost:5001/ExchangeRate/GetFromDates/,94792,0,5896
1602583048273,61618,HTTP Request,200,OK,Grupa wątków 1-25,text,true,,321325,429,50,50,https://localhost:5001/ExchangeRate/GetFromDates/,61202,0,16747
1602583048267,62129,HTTP Request,200,OK,Grupa wątków 1-7,text,true,,321325,429,50,50,https://localhost:5001/ExchangeRate/GetFromDates/,61350,0,13072
1602583020310,90094,HTTP Request,200,OK,Grupa wątków 1-22,text,true,,321325,429,50,50,https://localhost:5001/ExchangeRate/GetFromDates/,88966,0,4117
1602583048252,62863,HTTP Request,200,OK,Grupa wątków 1-36,text,true,,321325,429,50,50,https://localhost:5001/ExchangeRate/GetFromDates/,60955,0,7044
1602583103447,32068,HTTP Request,Non HTTP response code: org.apache.http.NoHttpResponseException,Non HTTP response message: localhost:5001 failed to respond,Grupa wątków 1-16,text,false,,2081,0,50,50,https://localhost:5001/ExchangeRate/GetFromDates/,0,0,23400
1602583023510,113102,HTTP Request,200,OK,Grupa wątków 1-33,text,true,,321325,429,50,50,https://localhost:5001/ExchangeRate/GetFromDates/,92632,0,24731
1602583105466,32955,HTTP Request,Non HTTP response code: java.net.SocketException,Non HTTP response message: Connection reset,Grupa wątków 1-46,text,false,,2806,0,50,50,https://localhost:5001/ExchangeRate/GetFromDates/,0,0,31144
1602583102651,35941,HTTP Request,Non HTTP response code: org.apache.http.NoHttpResponseException,Non HTTP response message: localhost:5001 failed to respond,Grupa wątków 1-31,text,false,,2081,0,50,50,https://localhost:5001/ExchangeRate/GetFromDates/,0,0,24815
1602583055298,85982,HTTP Request,200,OK,Grupa wątków 1-26,text,true,,321325,429,50,50,https://localhost:5001/ExchangeRate/GetFromDates/,71548,0,11570
1602583056686,84595,HTTP Request,200,OK,Grupa wątków 1-23,text,true,,321325,429,50,50,https://localhost:5001/ExchangeRate/GetFromDates/,67612,0,29333
1602583048253,93028,HTTP Request,200,OK,Grupa wątków 1-28,text,true,,321325,429,50,50,https://localhost:5001/ExchangeRate/GetFromDates/,76044,0,7056
1602583019663,121622,HTTP Request,200,OK,Grupa wątków 1-17,text,true,,321325,429,50,50,https://localhost:5001/ExchangeRate/GetFromDates/,105722,0,2527
1602583048257,93029,HTTP Request,200,OK,Grupa wątków 1-43,text,true,,321325,429,50,50,https://localhost:5001/ExchangeRate/GetFromDates/,77127,0,11889
1602583056686,85059,HTTP Request,200,OK,Grupa wątków 1-2,text,true,,321325,429,50,50,https://localhost:5001/ExchangeRate/GetFromDates/,69933,0,12254
1602583022190,119567,HTTP Request,200,OK,Grupa wątków 1-20,text,true,,321325,429,50,50,https://localhost:5001/ExchangeRate/GetFromDates/,116721,0,26048
1602583067372,74386,HTTP Request,200,OK,Grupa wątków 1-27,text,true,,321325,429,50,50,https://localhost:5001/ExchangeRate/GetFromDates/,72583,0,22868
1602583066868,74905,HTTP Request,200,OK,Grupa wątków 1-50,text,true,,321325,429,50,50,https://localhost:5001/ExchangeRate/GetFromDates/,72400,0,21596
1602583066379,75915,HTTP Request,200,OK,Grupa wątków 1-24,text,true,,321325,429,50,50,https://localhost:5001/ExchangeRate/GetFromDates/,72532,0,20839
1602583048298,94141,HTTP Request,200,OK,Grupa wątków 1-48,text,true,,321325,429,50,50,https://localhost:5001/ExchangeRate/GetFromDates/,88173,0,18061
1602583079901,68616,HTTP Request,200,OK,Grupa wątków 1-14,text,true,,321325,429,50,50,https://localhost:5001/ExchangeRate/GetFromDates/,67865,0,18796
1602583075265,74513,HTTP Request,200,OK,Grupa wątków 1-45,text,true,,321325,429,50,50,https://localhost:5001/ExchangeRate/GetFromDates/,72501,0,16912
1602583083134,70132,HTTP Request,200,OK,Grupa wątków 1-5,text,true,,321325,429,50,50,https://localhost:5001/ExchangeRate/GetFromDates/,70011,0,23705
1602583080843,72429,HTTP Request,200,OK,Grupa wątków 1-49,text,true,,321325,429,50,50,https://localhost:5001/ExchangeRate/GetFromDates/,72303,0,23483
1602583066357,87665,HTTP Request,200,OK,Grupa wątków 1-35,text,true,,321325,429,50,50,https://localhost:5001/ExchangeRate/GetFromDates/,85809,0,20845
1602583083135,72315,HTTP Request,200,OK,Grupa wątków 1-10,text,true,,321325,429,50,50,https://localhost:5001/ExchangeRate/GetFromDates/,70010,0,25000
1602583080839,75461,HTTP Request,200,OK,Grupa wątków 1-40,text,true,,321325,429,50,50,https://localhost:5001/ExchangeRate/GetFromDates/,72430,0,19566
1602583083492,74178,HTTP Request,200,OK,Grupa wątków 1-19,text,true,,321325,429,50,50,https://localhost:5001/ExchangeRate/GetFromDates/,69659,0,25726
1602583079907,82105,HTTP Request,200,OK,Grupa wątków 1-41,text,true,,321325,429,50,50,https://localhost:5001/ExchangeRate/GetFromDates/,77946,0,20496
1602583083492,78526,HTTP Request,200,OK,Grupa wątków 1-1,text,true,,321325,429,50,50,https://localhost:5001/ExchangeRate/GetFromDates/,74364,0,25334
1602583083134,79379,HTTP Request,200,OK,Grupa wątków 1-18,text,true,,321325,429,50,50,https://localhost:5001/ExchangeRate/GetFromDates/,75405,0,21193
1602583075266,87404,HTTP Request,200,OK,Grupa wątków 1-44,text,true,,321325,429,50,50,https://localhost:5001/ExchangeRate/GetFromDates/,72515,0,19028
1602583084303,78888,HTTP Request,200,OK,Grupa wątków 1-34,text,true,,321325,429,50,50,https://localhost:5001/ExchangeRate/GetFromDates/,76929,0,24932
1602583087201,76040,HTTP Request,200,OK,Grupa wątków 1-39,text,true,,321325,429,50,50,https://localhost:5001/ExchangeRate/GetFromDates/,74872,0,23917
1602583087209,76032,HTTP Request,200,OK,Grupa wątków 1-11,text,true,,321325,429,50,50,https://localhost:5001/ExchangeRate/GetFromDates/,74759,0,23928
1602583086021,77313,HTTP Request,200,OK,Grupa wątków 1-30,text,true,,321325,429,50,50,https://localhost:5001/ExchangeRate/GetFromDates/,72518,0,23923
1602583089885,74683,HTTP Request,200,OK,Grupa wątków 1-3,text,true,,321325,429,50,50,https://localhost:5001/ExchangeRate/GetFromDates/,73451,0,22014
1602583084307,80266,HTTP Request,200,OK,Grupa wątków 1-38,text,true,,321325,429,50,50,https://localhost:5001/ExchangeRate/GetFromDates/,79569,0,24969
1602583093799,74368,HTTP Request,200,OK,Grupa wątków 1-8,text,true,,321325,429,50,50,https://localhost:5001/ExchangeRate/GetFromDates/,71397,0,19750
1602583086021,83459,HTTP Request,200,OK,Grupa wątków 1-37,text,true,,321325,429,50,50,https://localhost:5001/ExchangeRate/GetFromDates/,79497,0,23675
1602583097043,80035,HTTP Request,200,OK,Grupa wątków 1-13,text,true,,321325,429,50,50,https://localhost:5001/ExchangeRate/GetFromDates/,77745,0,20196
1602583100967,76115,HTTP Request,200,OK,Grupa wątków 1-6,text,true,,321325,429,50,50,https://localhost:5001/ExchangeRate/GetFromDates/,75296,0,17397
1602583154023,34514,HTTP Request,Non HTTP response code: org.apache.http.NoHttpResponseException,Non HTTP response message: localhost:5001 failed to respond,Grupa wątków 1-35,text,false,,2081,0,50,50,https://localhost:5001/ExchangeRate/GetFromDates/,0,0,24549
1602583136614,59256,HTTP Request,200,OK,Grupa wątków 1-33,text,true,,321325,429,50,50,https://localhost:5001/ExchangeRate/GetFromDates/,58759,0,11902
1602583096026,101194,HTTP Request,200,OK,Grupa wątków 1-21,text,true,,321325,429,50,50,https://localhost:5001/ExchangeRate/GetFromDates/,93715,0,20074
1602583106838,90967,HTTP Request,200,OK,Grupa wątków 1-15,text,true,,321325,429,50,50,https://localhost:5001/ExchangeRate/GetFromDates/,88519,0,34441
1602583101294,96511,HTTP Request,200,OK,Grupa wątków 1-47,text,true,,321325,429,50,50,https://localhost:5001/ExchangeRate/GetFromDates/,88679,0,23002
1602583109689,88460,HTTP Request,200,OK,Grupa wątków 1-4,text,true,,321325,429,50,50,https://localhost:5001/ExchangeRate/GetFromDates/,85423,0,30271
1602583109455,89027,HTTP Request,200,OK,Grupa wątków 1-29,text,true,,321325,429,50,50,https://localhost:5001/ExchangeRate/GetFromDates/,85902,0,29816
1602583111116,89863,HTTP Request,200,OK,Grupa wątków 1-36,text,true,,321325,429,50,50,https://localhost:5001/ExchangeRate/GetFromDates/,87366,0,34269
1602583110403,91294,HTTP Request,200,OK,Grupa wątków 1-22,text,true,,321325,429,50,50,https://localhost:5001/ExchangeRate/GetFromDates/,89157,0,33686
1602583109210,93340,HTTP Request,200,OK,Grupa wątków 1-12,text,true,,321325,429,50,50,https://localhost:5001/ExchangeRate/GetFromDates/,91773,0,29702
1602583110397,94972,HTTP Request,200,OK,Grupa wątków 1-7,text,true,,321325,429,50,50,https://localhost:5001/ExchangeRate/GetFromDates/,92448,0,31341
1602583109891,95480,HTTP Request,200,OK,Grupa wątków 1-25,text,true,,321325,429,50,50,https://localhost:5001/ExchangeRate/GetFromDates/,92946,0,31164
1602583138594,66980,HTTP Request,200,OK,Grupa wątków 1-31,text,true,,321325,429,50,50,https://localhost:5001/ExchangeRate/GetFromDates/,65749,0,13107
1602583109475,96343,HTTP Request,200,OK,Grupa wątków 1-42,text,true,,321325,429,50,50,https://localhost:5001/ExchangeRate/GetFromDates/,90893,0,30480
1602583135517,70554,HTTP Request,200,OK,Grupa wątków 1-16,text,true,,321325,429,50,50,https://localhost:5001/ExchangeRate/GetFromDates/,68994,0,12089
1602583109004,99243,HTTP Request,200,OK,Grupa wątków 1-32,text,true,,321325,429,50,50,https://localhost:5001/ExchangeRate/GetFromDates/,96568,0,30666
1602583141282,66968,HTTP Request,200,OK,Grupa wątków 1-23,text,true,,321325,429,50,50,https://localhost:5001/ExchangeRate/GetFromDates/,65170,0,16388
1602583141283,67088,HTTP Request,200,OK,Grupa wątków 1-28,text,true,,321325,429,50,50,https://localhost:5001/ExchangeRate/GetFromDates/,65654,0,15015
1602583141282,68410,HTTP Request,200,OK,Grupa wątków 1-26,text,true,,321325,429,50,50,https://localhost:5001/ExchangeRate/GetFromDates/,67601,0,17262
1602583109789,99903,HTTP Request,200,OK,Grupa wątków 1-9,text,true,,321325,429,50,50,https://localhost:5001/ExchangeRate/GetFromDates/,98455,0,30967
1602583138423,72731,HTTP Request,200,OK,Grupa wątków 1-46,text,true,,321325,429,50,50,https://localhost:5001/ExchangeRate/GetFromDates/,69968,0,11982
1602583141758,69399,HTTP Request,200,OK,Grupa wątków 1-20,text,true,,321325,429,50,50,https://localhost:5001/ExchangeRate/GetFromDates/,66526,0,24517
1602583141286,72749,HTTP Request,200,OK,Grupa wątków 1-17,text,true,,321325,429,50,50,https://localhost:5001/ExchangeRate/GetFromDates/,68433,0,20682
1602583141747,74034,HTTP Request,200,OK,Grupa wątków 1-2,text,true,,321325,429,50,50,https://localhost:5001/ExchangeRate/GetFromDates/,69477,0,22816
1602583141288,76802,HTTP Request,200,OK,Grupa wątków 1-43,text,true,,321325,429,50,50,https://localhost:5001/ExchangeRate/GetFromDates/,75490,0,21227
1602583141760,79738,HTTP Request,200,OK,Grupa wątków 1-27,text,true,,321325,429,50,50,https://localhost:5001/ExchangeRate/GetFromDates/,78778,0,26405
1602583141775,89719,HTTP Request,200,OK,Grupa wątków 1-50,text,true,,321325,429,50,50,https://localhost:5001/ExchangeRate/GetFromDates/,82170,0,28203
1602583153268,78233,HTTP Request,200,OK,Grupa wątków 1-5,text,true,,321325,429,50,50,https://localhost:5001/ExchangeRate/GetFromDates/,78218,0,23804
1602583153272,88307,HTTP Request,200,OK,Grupa wątków 1-49,text,true,,321325,429,50,50,https://localhost:5001/ExchangeRate/GetFromDates/,82442,0,23821
1602583142441,99218,HTTP Request,200,OK,Grupa wątków 1-48,text,true,,321325,429,50,50,https://localhost:5001/ExchangeRate/GetFromDates/,93273,0,32348
1602583148517,93148,HTTP Request,200,OK,Grupa wątków 1-14,text,true,,321325,429,50,50,https://localhost:5001/ExchangeRate/GetFromDates/,86944,0,26274
1602583149780,92966,HTTP Request,200,OK,Grupa wątków 1-45,text,true,,321325,429,50,50,https://localhost:5001/ExchangeRate/GetFromDates/,84156,0,27313
1602583142296,102954,HTTP Request,200,OK,Grupa wątków 1-24,text,true,,321325,429,50,50,https://localhost:5001/ExchangeRate/GetFromDates/,93953,0,28729
1602583155452,94022,HTTP Request,200,OK,Grupa wątków 1-10,text,true,,321325,429,50,50,https://localhost:5001/ExchangeRate/GetFromDates/,90973,0,34289
1602583163192,87834,HTTP Request,200,OK,Grupa wątków 1-34,text,true,,321325,429,50,50,https://localhost:5001/ExchangeRate/GetFromDates/,83956,0,33520
1602583162671,89975,HTTP Request,200,OK,Grupa wątków 1-44,text,true,,321325,429,50,50,https://localhost:5001/ExchangeRate/GetFromDates/,87183,0,33156
1602583162012,90635,HTTP Request,200,OK,Grupa wątków 1-41,text,true,,321325,429,50,50,https://localhost:5001/ExchangeRate/GetFromDates/,86248,0,33766
1602583163242,89717,HTTP Request,200,OK,Grupa wątków 1-39,text,true,,321325,429,50,50,https://localhost:5001/ExchangeRate/GetFromDates/,87522,0,37407
1602583157671,96055,HTTP Request,200,OK,Grupa wątków 1-19,text,true,,321325,429,50,50,https://localhost:5001/ExchangeRate/GetFromDates/,92881,0,32071
1602583162514,91212,HTTP Request,200,OK,Grupa wątków 1-18,text,true,,321325,429,50,50,https://localhost:5001/ExchangeRate/GetFromDates/,87339,0,33314
1602583156301,97426,HTTP Request,200,OK,Grupa wątków 1-40,text,true,,321325,429,50,50,https://localhost:5001/ExchangeRate/GetFromDates/,93979,0,33441
1602583163242,90489,HTTP Request,200,OK,Grupa wątków 1-11,text,true,,321325,429,50,50,https://localhost:5001/ExchangeRate/GetFromDates/,86721,0,35240
1602583162019,92887,HTTP Request,200,OK,Grupa wątków 1-1,text,true,,321325,429,50,50,https://localhost:5001/ExchangeRate/GetFromDates/,90628,0,33808
1602583164568,92265,HTTP Request,200,OK,Grupa wątków 1-3,text,true,,321325,429,50,50,https://localhost:5001/ExchangeRate/GetFromDates/,89186,0,37658
1602583163335,96259,HTTP Request,200,OK,Grupa wątków 1-30,text,true,,321325,429,50,50,https://localhost:5001/ExchangeRate/GetFromDates/,91620,0,38363
1602583195870,67411,HTTP Request,200,OK,Grupa wątków 1-33,text,true,,321325,429,50,50,https://localhost:5001/ExchangeRate/GetFromDates/,59090,0,0
1602583177080,92093,HTTP Request,200,OK,Grupa wątków 1-13,text,true,,321325,429,50,50,https://localhost:5001/ExchangeRate/GetFromDates/,86200,0,35217
1602583164574,111583,HTTP Request,200,OK,Grupa wątków 1-38,text,true,,321325,429,50,50,https://localhost:5001/ExchangeRate/GetFromDates/,98705,0,39936
1602583168167,112512,HTTP Request,200,OK,Grupa wątków 1-8,text,true,,321325,429,50,50,https://localhost:5001/ExchangeRate/GetFromDates/,98274,0,41525
1602583169481,112005,HTTP Request,200,OK,Grupa wątków 1-37,text,true,,321325,429,50,50,https://localhost:5001/ExchangeRate/GetFromDates/,99267,0,41691
1602583177083,105020,HTTP Request,200,OK,Grupa wątków 1-6,text,true,,321325,429,50,50,https://localhost:5001/ExchangeRate/GetFromDates/,91668,0,37298
1602583197807,84301,HTTP Request,200,OK,Grupa wątków 1-15,text,true,,321325,429,50,50,https://localhost:5001/ExchangeRate/GetFromDates/,74850,0,21828
1602583197222,85180,HTTP Request,200,OK,Grupa wątków 1-21,text,true,,321325,429,50,50,https://localhost:5001/ExchangeRate/GetFromDates/,78398,0,21124
1602583188536,94184,HTTP Request,200,OK,Grupa wątków 1-35,text,true,,321325,429,50,50,https://localhost:5001/ExchangeRate/GetFromDates/,86340,0,28100
1602583198484,84242,HTTP Request,200,OK,Grupa wątków 1-29,text,true,,321325,429,50,50,https://localhost:5001/ExchangeRate/GetFromDates/,79829,0,23788
1602583197807,85438,HTTP Request,200,OK,Grupa wątków 1-47,text,true,,321325,429,50,50,https://localhost:5001/ExchangeRate/GetFromDates/,82488,0,22706
1602583200981,82269,HTTP Request,200,OK,Grupa wątków 1-36,text,true,,321325,429,50,50,https://localhost:5001/ExchangeRate/GetFromDates/,80509,0,23644
1602583198151,86133,HTTP Request,200,OK,Grupa wątków 1-4,text,true,,321325,429,50,50,https://localhost:5001/ExchangeRate/GetFromDates/,83339,0,22959
1602583201699,85841,HTTP Request,200,OK,Grupa wątków 1-22,text,true,,321325,429,50,50,https://localhost:5001/ExchangeRate/GetFromDates/,82606,0,25840
1602583202552,90466,HTTP Request,200,OK,Grupa wątków 1-12,text,true,,321325,429,50,50,https://localhost:5001/ExchangeRate/GetFromDates/,87734,0,28938
1602583205370,87728,HTTP Request,200,OK,Grupa wątków 1-7,text,true,,321325,429,50,50,https://localhost:5001/ExchangeRate/GetFromDates/,87711,0,26158
1602583208247,85995,HTTP Request,200,OK,Grupa wątków 1-32,text,true,,321325,429,50,50,https://localhost:5001/ExchangeRate/GetFromDates/,84833,0,33408
1602583208370,99871,HTTP Request,200,OK,Grupa wątków 1-28,text,true,,321325,429,50,50,https://localhost:5001/ExchangeRate/GetFromDates/,94487,0,36878
1602583211154,101022,HTTP Request,200,OK,Grupa wątków 1-46,text,true,,321325,429,50,50,https://localhost:5001/ExchangeRate/GetFromDates/,90223,0,35976
1602583205575,106603,HTTP Request,200,OK,Grupa wątków 1-31,text,true,,321325,429,50,50,https://localhost:5001/ExchangeRate/GetFromDates/,95803,0,30672
1602583205373,106819,HTTP Request,200,OK,Grupa wątków 1-25,text,true,,321325,429,50,50,https://localhost:5001/ExchangeRate/GetFromDates/,99333,0,30089
1602583206072,106124,HTTP Request,200,OK,Grupa wątków 1-16,text,true,,321325,429,50,50,https://localhost:5001/ExchangeRate/GetFromDates/,98634,0,32103
1602583209693,102510,HTTP Request,200,OK,Grupa wątków 1-9,text,true,,321325,429,50,50,https://localhost:5001/ExchangeRate/GetFromDates/,95012,0,37434
1602583205819,106404,HTTP Request,200,OK,Grupa wątków 1-42,text,true,,321325,429,50,50,https://localhost:5001/ExchangeRate/GetFromDates/,98887,0,30430
1602583214034,98188,HTTP Request,200,OK,Grupa wątków 1-17,text,true,,321325,429,50,50,https://localhost:5001/ExchangeRate/GetFromDates/,98137,0,36804
1602583211158,101064,HTTP Request,200,OK,Grupa wątków 1-20,text,true,,321325,429,50,50,https://localhost:5001/ExchangeRate/GetFromDates/,101012,0,37389
1602583208249,105212,HTTP Request,200,OK,Grupa wątków 1-23,text,true,,321325,429,50,50,https://localhost:5001/ExchangeRate/GetFromDates/,97693,0,34927
1602583209692,105368,HTTP Request,200,OK,Grupa wątków 1-26,text,true,,321325,429,50,50,https://localhost:5001/ExchangeRate/GetFromDates/,102482,0,37415
1602583241578,77214,HTTP Request,200,OK,Grupa wątków 1-49,text,true,,321325,429,50,50,https://localhost:5001/ExchangeRate/GetFromDates/,74129,0,17379
1602583221499,98492,HTTP Request,200,OK,Grupa wątków 1-27,text,true,,321325,429,50,50,https://localhost:5001/ExchangeRate/GetFromDates/,94887,0,33404
1602583218090,102073,HTTP Request,200,OK,Grupa wątków 1-43,text,true,,321325,429,50,50,https://localhost:5001/ExchangeRate/GetFromDates/,99788,0,34906
1602583215781,107011,HTTP Request,200,OK,Grupa wątków 1-2,text,true,,321325,429,50,50,https://localhost:5001/ExchangeRate/GetFromDates/,105229,0,36553
1602583231494,95705,HTTP Request,200,OK,Grupa wątków 1-50,text,true,,321325,429,50,50,https://localhost:5001/ExchangeRate/GetFromDates/,91194,0,25333
1602583231500,96288,HTTP Request,200,OK,Grupa wątków 1-5,text,true,,321325,429,50,50,https://localhost:5001/ExchangeRate/GetFromDates/,89962,0,27011
1602583249474,82465,HTTP Request,200,OK,Grupa wątków 1-10,text,true,,321325,429,50,50,https://localhost:5001/ExchangeRate/GetFromDates/,82445,0,18669
1602583245250,86718,HTTP Request,200,OK,Grupa wątków 1-24,text,true,,321325,429,50,50,https://localhost:5001/ExchangeRate/GetFromDates/,86381,0,22365
1602583241665,90323,HTTP Request,200,OK,Grupa wątków 1-14,text,true,,321325,429,50,50,https://localhost:5001/ExchangeRate/GetFromDates/,90261,0,21613
1602583241658,102705,HTTP Request,200,OK,Grupa wątków 1-48,text,true,,321325,429,50,50,https://localhost:5001/ExchangeRate/GetFromDates/,94634,0,19117
1602583252959,91757,HTTP Request,200,OK,Grupa wątków 1-39,text,true,,321325,429,50,50,https://localhost:5001/ExchangeRate/GetFromDates/,84363,0,25701
1602583251026,93853,HTTP Request,200,OK,Grupa wątków 1-34,text,true,,321325,429,50,50,https://localhost:5001/ExchangeRate/GetFromDates/,84735,0,17117
1602583252646,92233,HTTP Request,200,OK,Grupa wątków 1-44,text,true,,321325,429,50,50,https://localhost:5001/ExchangeRate/GetFromDates/,85074,0,20010
1602583253726,91474,HTTP Request,200,OK,Grupa wątków 1-18,text,true,,321325,429,50,50,https://localhost:5001/ExchangeRate/GetFromDates/,86581,0,26951
1602583242746,102913,HTTP Request,200,OK,Grupa wątków 1-45,text,true,,321325,429,50,50,https://localhost:5001/ExchangeRate/GetFromDates/,94009,0,20811
1602583256834,90267,HTTP Request,200,OK,Grupa wątków 1-3,text,true,,321325,429,50,50,https://localhost:5001/ExchangeRate/GetFromDates/,88393,0,25883
1602583259594,87511,HTTP Request,200,OK,Grupa wątków 1-30,text,true,,321325,429,50,50,https://localhost:5001/ExchangeRate/GetFromDates/,85123,0,23452
1602583253727,94713,HTTP Request,200,OK,Grupa wątków 1-40,text,true,,321325,429,50,50,https://localhost:5001/ExchangeRate/GetFromDates/,92348,0,28432
1602583269173,79705,HTTP Request,200,OK,Grupa wątków 1-13,text,true,,321325,429,50,50,https://localhost:5001/ExchangeRate/GetFromDates/,75527,0,17080
1602583254906,94984,HTTP Request,200,OK,Grupa wątków 1-1,text,true,,321325,429,50,50,https://localhost:5001/ExchangeRate/GetFromDates/,92143,0,27384
1602583252648,97242,HTTP Request,200,OK,Grupa wątków 1-41,text,true,,321325,429,50,50,https://localhost:5001/ExchangeRate/GetFromDates/,94417,0,20707
1602583253731,96167,HTTP Request,200,OK,Grupa wątków 1-11,text,true,,321325,429,50,50,https://localhost:5001/ExchangeRate/GetFromDates/,94060,0,28559
1602583280679,71641,HTTP Request,200,OK,Grupa wątków 1-8,text,true,,321325,429,50,50,https://localhost:5001/ExchangeRate/GetFromDates/,68155,0,9480
1602583263281,90372,HTTP Request,200,OK,Grupa wątków 1-33,text,true,,321325,429,50,50,https://localhost:5001/ExchangeRate/GetFromDates/,87640,0,21015
1602583253726,103050,HTTP Request,200,OK,Grupa wątków 1-19,text,true,,321325,429,50,50,https://localhost:5001/ExchangeRate/GetFromDates/,98612,0,25323
1602583282107,80577,HTTP Request,200,OK,Grupa wątków 1-15,text,true,,321325,429,50,50,https://localhost:5001/ExchangeRate/GetFromDates/,74826,0,10928
1602583282102,80583,HTTP Request,200,OK,Grupa wątków 1-6,text,true,,321325,429,50,50,https://localhost:5001/ExchangeRate/GetFromDates/,74831,0,10592
1602583281487,86944,HTTP Request,200,OK,Grupa wątków 1-37,text,true,,321325,429,50,50,https://localhost:5001/ExchangeRate/GetFromDates/,82580,0,10065
1602583276158,92277,HTTP Request,200,OK,Grupa wątków 1-38,text,true,,321325,429,50,50,https://localhost:5001/ExchangeRate/GetFromDates/,87910,0,11979
1602583282401,86056,HTTP Request,200,OK,Grupa wątków 1-21,text,true,,321325,429,50,50,https://localhost:5001/ExchangeRate/GetFromDates/,83614,0,10640
1602583283249,85230,HTTP Request,200,OK,Grupa wątków 1-36,text,true,,321325,429,50,50,https://localhost:5001/ExchangeRate/GetFromDates/,83804,0,21460
1602583293018,80594,HTTP Request,200,OK,Grupa wątków 1-12,text,true,,321325,429,50,50,https://localhost:5001/ExchangeRate/GetFromDates/,75483,0,12962
1602583294243,84602,HTTP Request,200,OK,Grupa wątków 1-32,text,true,,321325,429,50,50,https://localhost:5001/ExchangeRate/GetFromDates/,78270,0,17949
1602583282725,96695,HTTP Request,200,OK,Grupa wątków 1-29,text,true,,321325,429,50,50,https://localhost:5001/ExchangeRate/GetFromDates/,89787,0,17429
1602583282721,97669,HTTP Request,200,OK,Grupa wątków 1-35,text,true,,321325,429,50,50,https://localhost:5001/ExchangeRate/GetFromDates/,92818,0,10390
1602583283244,97148,HTTP Request,200,OK,Grupa wątków 1-47,text,true,,321325,429,50,50,https://localhost:5001/ExchangeRate/GetFromDates/,91855,0,20428
1602583287540,93042,HTTP Request,200,OK,Grupa wątków 1-22,text,true,,321325,429,50,50,https://localhost:5001/ExchangeRate/GetFromDates/,88036,0,17169
1602583312179,72778,HTTP Request,200,OK,Grupa wątków 1-31,text,true,,321325,429,50,50,https://localhost:5001/ExchangeRate/GetFromDates/,68245,0,1992
1602583284284,100673,HTTP Request,200,OK,Grupa wątków 1-4,text,true,,321325,429,50,50,https://localhost:5001/ExchangeRate/GetFromDates/,96757,0,20425
1602583312224,74881,HTTP Request,200,OK,Grupa wątków 1-20,text,true,,321325,429,50,50,https://localhost:5001/ExchangeRate/GetFromDates/,70968,0,14973
1602583308242,78960,HTTP Request,200,OK,Grupa wątków 1-28,text,true,,321325,429,50,50,https://localhost:5001/ExchangeRate/GetFromDates/,74995,0,3963
1602583293100,94102,HTTP Request,200,OK,Grupa wątków 1-7,text,true,,321325,429,50,50,https://localhost:5001/ExchangeRate/GetFromDates/,90105,0,19075
1602583312193,75928,HTTP Request,200,OK,Grupa wątków 1-25,text,true,,321325,429,50,50,https://localhost:5001/ExchangeRate/GetFromDates/,71127,0,6205
1602583312178,79057,HTTP Request,200,OK,Grupa wątków 1-46,text,true,,321325,429,50,50,https://localhost:5001/ExchangeRate/GetFromDates/,76050,0,3885
1602583312205,83076,HTTP Request,200,OK,Grupa wątków 1-9,text,true,,321325,429,50,50,https://localhost:5001/ExchangeRate/GetFromDates/,78049,0,10261
1602583318793,76503,HTTP Request,200,OK,Grupa wątków 1-49,text,true,,321325,429,50,50,https://localhost:5001/ExchangeRate/GetFromDates/,72435,0,13158
1602583315061,81213,HTTP Request,200,OK,Grupa wątków 1-26,text,true,,321325,429,50,50,https://localhost:5001/ExchangeRate/GetFromDates/,75272,0,16571
1602583313463,83314,HTTP Request,200,OK,Grupa wątków 1-23,text,true,,321325,429,50,50,https://localhost:5001/ExchangeRate/GetFromDates/,81795,0,16993
1602583312224,84964,HTTP Request,200,OK,Grupa wątków 1-42,text,true,,321325,429,50,50,https://localhost:5001/ExchangeRate/GetFromDates/,79624,0,10464
1602583312196,85713,HTTP Request,200,OK,Grupa wątków 1-16,text,true,,321325,429,50,50,https://localhost:5001/ExchangeRate/GetFromDates/,79652,0,9137
1602583312224,87049,HTTP Request,200,OK,Grupa wątków 1-17,text,true,,321325,429,50,50,https://localhost:5001/ExchangeRate/GetFromDates/,81479,0,13532
1602583320166,81797,HTTP Request,200,OK,Grupa wątków 1-43,text,true,,321325,429,50,50,https://localhost:5001/ExchangeRate/GetFromDates/,76606,0,14094
1602583331970,70010,HTTP Request,200,OK,Grupa wątków 1-24,text,true,,321325,429,50,50,https://localhost:5001/ExchangeRate/GetFromDates/,69675,0,15823
1602583327199,74788,HTTP Request,200,OK,Grupa wątków 1-50,text,true,,321325,429,50,50,https://localhost:5001/ExchangeRate/GetFromDates/,71253,0,13106
1602583322792,79200,HTTP Request,200,OK,Grupa wątków 1-2,text,true,,321325,429,50,50,https://localhost:5001/ExchangeRate/GetFromDates/,75949,0,12933
1602583331940,73860,HTTP Request,200,OK,Grupa wątków 1-10,text,true,,321325,429,50,50,https://localhost:5001/ExchangeRate/GetFromDates/,70059,0,13125
1602583331988,76730,HTTP Request,200,OK,Grupa wątków 1-14,text,true,,321325,429,50,50,https://localhost:5001/ExchangeRate/GetFromDates/,74865,0,17910
1602583344880,66379,HTTP Request,200,OK,Grupa wątków 1-34,text,true,,321325,429,50,50,https://localhost:5001/ExchangeRate/GetFromDates/,63315,0,9119
1602583327788,85075,HTTP Request,200,OK,Grupa wątków 1-5,text,true,,321325,429,50,50,https://localhost:5001/ExchangeRate/GetFromDates/,82952,0,16582
1602583319991,95706,HTTP Request,200,OK,Grupa wątków 1-27,text,true,,321325,429,50,50,https://localhost:5001/ExchangeRate/GetFromDates/,88880,0,11996
1602583344363,73600,HTTP Request,200,OK,Grupa wątków 1-48,text,true,,321325,429,50,50,https://localhost:5001/ExchangeRate/GetFromDates/,69760,0,7088
1602583344717,77790,HTTP Request,200,OK,Grupa wątków 1-39,text,true,,321325,429,50,50,https://localhost:5001/ExchangeRate/GetFromDates/,72609,0,8626
1602583344880,77629,HTTP Request,200,OK,Grupa wątków 1-44,text,true,,321325,429,50,50,https://localhost:5001/ExchangeRate/GetFromDates/,75504,0,10712
1602583345200,79728,HTTP Request,200,OK,Grupa wątków 1-18,text,true,,321325,429,50,50,https://localhost:5001/ExchangeRate/GetFromDates/,77350,0,11574
1602583347106,83377,HTTP Request,200,OK,Grupa wątków 1-30,text,true,,321325,429,50,50,https://localhost:5001/ExchangeRate/GetFromDates/,77322,0,16961
1602583348440,82450,HTTP Request,200,OK,Grupa wątków 1-40,text,true,,321325,429,50,50,https://localhost:5001/ExchangeRate/GetFromDates/,77317,0,16730
1602583345660,86244,HTTP Request,200,OK,Grupa wątków 1-45,text,true,,321325,429,50,50,https://localhost:5001/ExchangeRate/GetFromDates/,79267,0,13389
1602583348878,83029,HTTP Request,200,OK,Grupa wątków 1-13,text,true,,321325,429,50,50,https://localhost:5001/ExchangeRate/GetFromDates/,78666,0,17138
1602583352322,80000,HTTP Request,200,OK,Grupa wątków 1-8,text,true,,321325,429,50,50,https://localhost:5001/ExchangeRate/GetFromDates/,76668,0,20192
1602583349891,86306,HTTP Request,200,OK,Grupa wątków 1-1,text,true,,321325,429,50,50,https://localhost:5001/ExchangeRate/GetFromDates/,79774,0,18537
1602583347102,91150,HTTP Request,200,OK,Grupa wątków 1-3,text,true,,321325,429,50,50,https://localhost:5001/ExchangeRate/GetFromDates/,87658,0,14261
1602583349891,89047,HTTP Request,200,OK,Grupa wątków 1-41,text,true,,321325,429,50,50,https://localhost:5001/ExchangeRate/GetFromDates/,84876,0,18537
1602583356777,83249,HTTP Request,200,OK,Grupa wątków 1-19,text,true,,321325,429,50,50,https://localhost:5001/ExchangeRate/GetFromDates/,80071,0,18836
1602583368435,73993,HTTP Request,200,OK,Grupa wątków 1-38,text,true,,321325,429,50,50,https://localhost:5001/ExchangeRate/GetFromDates/,70197,0,12980
1602583362685,79747,HTTP Request,200,OK,Grupa wątków 1-15,text,true,,321325,429,50,50,https://localhost:5001/ExchangeRate/GetFromDates/,77266,0,14251
1602583362685,80746,HTTP Request,200,OK,Grupa wątków 1-6,text,true,,321325,429,50,50,https://localhost:5001/ExchangeRate/GetFromDates/,77264,0,16734
1602583349898,93938,HTTP Request,200,OK,Grupa wątków 1-11,text,true,,321325,429,50,50,https://localhost:5001/ExchangeRate/GetFromDates/,89739,0,20419
1602583353655,91024,HTTP Request,200,OK,Grupa wątków 1-33,text,true,,321325,429,50,50,https://localhost:5001/ExchangeRate/GetFromDates/,88293,0,21411
1602583368458,78876,HTTP Request,200,OK,Grupa wątków 1-21,text,true,,321325,429,50,50,https://localhost:5001/ExchangeRate/GetFromDates/,73520,0,16503
1602583384956,67389,HTTP Request,200,OK,Grupa wątków 1-31,text,true,,321325,429,50,50,https://localhost:5001/ExchangeRate/GetFromDates/,67348,0,10323
1602583380391,72278,HTTP Request,200,OK,Grupa wątków 1-35,text,true,,321325,429,50,50,https://localhost:5001/ExchangeRate/GetFromDates/,70938,0,9430
1602583380392,73857,HTTP Request,200,OK,Grupa wątków 1-47,text,true,,321325,429,50,50,https://localhost:5001/ExchangeRate/GetFromDates/,70980,0,11455
1602583368432,87308,HTTP Request,200,OK,Grupa wątków 1-37,text,true,,321325,429,50,50,https://localhost:5001/ExchangeRate/GetFromDates/,83332,0,14742
1602583379420,77799,HTTP Request,200,OK,Grupa wątków 1-29,text,true,,321325,429,50,50,https://localhost:5001/ExchangeRate/GetFromDates/,74282,0,10093
1602583384957,72263,HTTP Request,200,OK,Grupa wątków 1-4,text,true,,321325,429,50,50,https://localhost:5001/ExchangeRate/GetFromDates/,68434,0,10404
1602583378845,79457,HTTP Request,200,OK,Grupa wątków 1-32,text,true,,321325,429,50,50,https://localhost:5001/ExchangeRate/GetFromDates/,76952,0,9320
1602583380582,78151,HTTP Request,200,OK,Grupa wątków 1-22,text,true,,321325,429,50,50,https://localhost:5001/ExchangeRate/GetFromDates/,76630,0,13009
1602583387105,73465,HTTP Request,200,OK,Grupa wątków 1-20,text,true,,321325,429,50,50,https://localhost:5001/ExchangeRate/GetFromDates/,68692,0,11745
1602583368481,93119,HTTP Request,200,OK,Grupa wątków 1-36,text,true,,321325,429,50,50,https://localhost:5001/ExchangeRate/GetFromDates/,87316,0,16494
1602583373613,88893,HTTP Request,200,OK,Grupa wątków 1-12,text,true,,321325,429,50,50,https://localhost:5001/ExchangeRate/GetFromDates/,83643,0,13490
1602583387201,79418,HTTP Request,200,OK,Grupa wątków 1-7,text,true,,321325,429,50,50,https://localhost:5001/ExchangeRate/GetFromDates/,75666,0,14085
1602583395295,71325,HTTP Request,200,OK,Grupa wątków 1-49,text,true,,321325,429,50,50,https://localhost:5001/ExchangeRate/GetFromDates/,67839,0,13173
1602583388121,82785,HTTP Request,200,OK,Grupa wątków 1-25,text,true,,321325,429,50,50,https://localhost:5001/ExchangeRate/GetFromDates/,78132,0,17130
1602583395281,76118,HTTP Request,200,OK,Grupa wątków 1-9,text,true,,321325,429,50,50,https://localhost:5001/ExchangeRate/GetFromDates/,71475,0,11420
1602583387201,84794,HTTP Request,200,OK,Grupa wątków 1-28,text,true,,321325,429,50,50,https://localhost:5001/ExchangeRate/GetFromDates/,79047,0,16547
1602583391234,82994,HTTP Request,200,OK,Grupa wątków 1-46,text,true,,321325,429,50,50,https://localhost:5001/ExchangeRate/GetFromDates/,76755,0,15168
1602583396275,78881,HTTP Request,200,OK,Grupa wątków 1-26,text,true,,321325,429,50,50,https://localhost:5001/ExchangeRate/GetFromDates/,73553,0,13522
1602583396778,80325,HTTP Request,200,OK,Grupa wątków 1-23,text,true,,321325,429,50,50,https://localhost:5001/ExchangeRate/GetFromDates/,76207,0,16071
1602583399274,81198,HTTP Request,200,OK,Grupa wątków 1-17,text,true,,321325,429,50,50,https://localhost:5001/ExchangeRate/GetFromDates/,76320,0,18695
1602583397910,84801,HTTP Request,200,OK,Grupa wątków 1-16,text,true,,321325,429,50,50,https://localhost:5001/ExchangeRate/GetFromDates/,81199,0,17351
1602583401981,81798,HTTP Request,200,OK,Grupa wątków 1-24,text,true,,321325,429,50,50,https://localhost:5001/ExchangeRate/GetFromDates/,78505,0,19144
1602583401989,84923,HTTP Request,200,OK,Grupa wątków 1-50,text,true,,321325,429,50,50,https://localhost:5001/ExchangeRate/GetFromDates/,80802,0,20519
1602583401964,86357,HTTP Request,200,OK,Grupa wątków 1-43,text,true,,321325,429,50,50,https://localhost:5001/ExchangeRate/GetFromDates/,82437,0,18059
1602583397189,93177,HTTP Request,200,OK,Grupa wątków 1-42,text,true,,321325,429,50,50,https://localhost:5001/ExchangeRate/GetFromDates/,88112,0,15749
1602583412864,80375,HTTP Request,200,OK,Grupa wątków 1-5,text,true,,321325,429,50,50,https://localhost:5001/ExchangeRate/GetFromDates/,76514,0,17620
1602583405802,90403,HTTP Request,200,OK,Grupa wątków 1-10,text,true,,321325,429,50,50,https://localhost:5001/ExchangeRate/GetFromDates/,85030,0,17869
1602583401994,94217,HTTP Request,200,OK,Grupa wątków 1-2,text,true,,321325,429,50,50,https://localhost:5001/ExchangeRate/GetFromDates/,90212,0,20532
1602583408719,89201,HTTP Request,200,OK,Grupa wątków 1-14,text,true,,321325,429,50,50,https://localhost:5001/ExchangeRate/GetFromDates/,83714,0,17002
1602583411260,87640,HTTP Request,200,OK,Grupa wątków 1-34,text,true,,321325,429,50,50,https://localhost:5001/ExchangeRate/GetFromDates/,83898,0,16686
1602583430484,72459,HTTP Request,200,OK,Grupa wątków 1-30,text,true,,321325,429,50,50,https://localhost:5001/ExchangeRate/GetFromDates/,67464,0,11951
1602583422510,81526,HTTP Request,200,OK,Grupa wątków 1-44,text,true,,321325,429,50,50,https://localhost:5001/ExchangeRate/GetFromDates/,76161,0,16649
1602583422508,82611,HTTP Request,200,OK,Grupa wątków 1-39,text,true,,321325,429,50,50,https://localhost:5001/ExchangeRate/GetFromDates/,78093,0,14755
1602583415697,90325,HTTP Request,200,OK,Grupa wątków 1-27,text,true,,321325,429,50,50,https://localhost:5001/ExchangeRate/GetFromDates/,84877,0,17488
1602583430891,76730,HTTP Request,200,OK,Grupa wątków 1-40,text,true,,321325,429,50,50,https://localhost:5001/ExchangeRate/GetFromDates/,72413,0,11986
1602583417964,90028,HTTP Request,200,OK,Grupa wątków 1-48,text,true,,321325,429,50,50,https://localhost:5001/ExchangeRate/GetFromDates/,84617,0,18225
1602583431905,77850,HTTP Request,200,OK,Grupa wątków 1-45,text,true,,321325,429,50,50,https://localhost:5001/ExchangeRate/GetFromDates/,72864,0,13361
1602583432322,79825,HTTP Request,200,OK,Grupa wątków 1-8,text,true,,321325,429,50,50,https://localhost:5001/ExchangeRate/GetFromDates/,77432,0,16935
1602583440028,72437,HTTP Request,200,OK,Grupa wątków 1-19,text,true,,321325,429,50,50,https://localhost:5001/ExchangeRate/GetFromDates/,68213,0,12245
1602583424928,88468,HTTP Request,200,OK,Grupa wątków 1-18,text,true,,321325,429,50,50,https://localhost:5001/ExchangeRate/GetFromDates/,83316,0,16538
1602583438254,75705,HTTP Request,200,OK,Grupa wątków 1-3,text,true,,321325,429,50,50,https://localhost:5001/ExchangeRate/GetFromDates/,71500,0,12113
1602583442429,72670,HTTP Request,200,OK,Grupa wątków 1-38,text,true,,321325,429,50,50,https://localhost:5001/ExchangeRate/GetFromDates/,70031,0,11003
1602583443433,72664,HTTP Request,200,OK,Grupa wątków 1-6,text,true,,321325,429,50,50,https://localhost:5001/ExchangeRate/GetFromDates/,68196,0,11854
1602583438940,82390,HTTP Request,200,OK,Grupa wątków 1-41,text,true,,321325,429,50,50,https://localhost:5001/ExchangeRate/GetFromDates/,78807,0,13272
1602583431907,91145,HTTP Request,200,OK,Grupa wątków 1-13,text,true,,321325,429,50,50,https://localhost:5001/ExchangeRate/GetFromDates/,88580,0,15916
1602583436198,88050,HTTP Request,200,OK,Grupa wątków 1-1,text,true,,321325,429,50,50,https://localhost:5001/ExchangeRate/GetFromDates/,84003,0,14155
1602583443837,80444,HTTP Request,200,OK,Grupa wątków 1-11,text,true,,321325,429,50,50,https://localhost:5001/ExchangeRate/GetFromDates/,78030,0,13405
1602583442434,82292,HTTP Request,200,OK,Grupa wątków 1-15,text,true,,321325,429,50,50,https://localhost:5001/ExchangeRate/GetFromDates/,79329,0,11430
1602583444680,81846,HTTP Request,200,OK,Grupa wątków 1-33,text,true,,321325,429,50,50,https://localhost:5001/ExchangeRate/GetFromDates/,78831,0,14880
1602583447335,82728,HTTP Request,200,OK,Grupa wątków 1-21,text,true,,321325,429,50,50,https://localhost:5001/ExchangeRate/GetFromDates/,81866,0,13988
1602583454249,80375,HTTP Request,200,OK,Grupa wątków 1-47,text,true,,321325,429,50,50,https://localhost:5001/ExchangeRate/GetFromDates/,74197,0,11972
1602583457221,80786,HTTP Request,200,OK,Grupa wątków 1-4,text,true,,321325,429,50,50,https://localhost:5001/ExchangeRate/GetFromDates/,78063,0,14416
1602583458303,79814,HTTP Request,200,OK,Grupa wątków 1-32,text,true,,321325,429,50,50,https://localhost:5001/ExchangeRate/GetFromDates/,76553,0,15121
1602583455741,84374,HTTP Request,200,OK,Grupa wątków 1-37,text,true,,321325,429,50,50,https://localhost:5001/ExchangeRate/GetFromDates/,81462,0,12838
1602583458733,82863,HTTP Request,200,OK,Grupa wątków 1-22,text,true,,321325,429,50,50,https://localhost:5001/ExchangeRate/GetFromDates/,78476,0,16817
1602583452670,89445,HTTP Request,200,OK,Grupa wątków 1-35,text,true,,321325,429,50,50,https://localhost:5001/ExchangeRate/GetFromDates/,86406,0,12277
1602583460570,81546,HTTP Request,200,OK,Grupa wątków 1-20,text,true,,321325,429,50,50,https://localhost:5001/ExchangeRate/GetFromDates/,76629,0,16188
1602583461601,81328,HTTP Request,200,OK,Grupa wątków 1-36,text,true,,321325,429,50,50,https://localhost:5001/ExchangeRate/GetFromDates/,78561,0,17507
1602583452346,90751,HTTP Request,200,OK,Grupa wątków 1-31,text,true,,321325,429,50,50,https://localhost:5001/ExchangeRate/GetFromDates/,84933,0,10789
1602583457220,87915,HTTP Request,200,OK,Grupa wątków 1-29,text,true,,321325,429,50,50,https://localhost:5001/ExchangeRate/GetFromDates/,82941,0,13686
1602583466621,81737,HTTP Request,200,OK,Grupa wątków 1-49,text,true,,321325,429,50,50,https://localhost:5001/ExchangeRate/GetFromDates/,77708,0,16101
1602583471400,77934,HTTP Request,200,OK,Grupa wątków 1-9,text,true,,321325,429,50,50,https://localhost:5001/ExchangeRate/GetFromDates/,74883,0,15335
1602583470908,80239,HTTP Request,200,OK,Grupa wątków 1-25,text,true,,321325,429,50,50,https://localhost:5001/ExchangeRate/GetFromDates/,76206,0,13927
1602583466621,84532,HTTP Request,200,OK,Grupa wątków 1-7,text,true,,321325,429,50,50,https://localhost:5001/ExchangeRate/GetFromDates/,82275,0,16088
1602583462506,90230,HTTP Request,200,OK,Grupa wątków 1-12,text,true,,321325,429,50,50,https://localhost:5001/ExchangeRate/GetFromDates/,85857,0,17955
1602583480472,73143,HTTP Request,200,OK,Grupa wątków 1-17,text,true,,321325,429,50,50,https://localhost:5001/ExchangeRate/GetFromDates/,68424,0,11967
1602583471995,83546,HTTP Request,200,OK,Grupa wątków 1-28,text,true,,321325,429,50,50,https://localhost:5001/ExchangeRate/GetFromDates/,79158,0,17385
1602583482711,75769,HTTP Request,200,OK,Grupa wątków 1-16,text,true,,321325,429,50,50,https://localhost:5001/ExchangeRate/GetFromDates/,71650,0,12045
1602583477103,84103,HTTP Request,200,OK,Grupa wątków 1-23,text,true,,321325,429,50,50,https://localhost:5001/ExchangeRate/GetFromDates/,79825,0,14975
1602583486911,75343,HTTP Request,200,OK,Grupa wątków 1-50,text,true,,321325,429,50,50,https://localhost:5001/ExchangeRate/GetFromDates/,73367,0,10092
1602583488321,73941,HTTP Request,200,OK,Grupa wątków 1-43,text,true,,321325,429,50,50,https://localhost:5001/ExchangeRate/GetFromDates/,71741,0,10283
1602583496205,67331,HTTP Request,200,OK,Grupa wątków 1-10,text,true,,321325,429,50,50,https://localhost:5001/ExchangeRate/GetFromDates/,65036,0,6733
1602583474229,89322,HTTP Request,200,OK,Grupa wątków 1-46,text,true,,321325,429,50,50,https://localhost:5001/ExchangeRate/GetFromDates/,88060,0,15460
1602583475156,88732,HTTP Request,200,OK,Grupa wątków 1-26,text,true,,321325,429,50,50,https://localhost:5001/ExchangeRate/GetFromDates/,87138,0,15675
1602583483778,84642,HTTP Request,200,OK,Grupa wątków 1-24,text,true,,321325,429,50,50,https://localhost:5001/ExchangeRate/GetFromDates/,79836,0,12425
1602583497922,70506,HTTP Request,200,OK,Grupa wątków 1-14,text,true,,321325,429,50,50,https://localhost:5001/ExchangeRate/GetFromDates/,67694,0,9154
1602583502945,65485,HTTP Request,200,OK,Grupa wątków 1-30,text,true,,321325,429,50,50,https://localhost:5001/ExchangeRate/GetFromDates/,62741,0,6809
1602583490365,78096,HTTP Request,200,OK,Grupa wątków 1-42,text,true,,321325,429,50,50,https://localhost:5001/ExchangeRate/GetFromDates/,76683,0,10192
1602583496210,74316,HTTP Request,200,OK,Grupa wątków 1-2,text,true,,321325,429,50,50,https://localhost:5001/ExchangeRate/GetFromDates/,72285,0,9262
1602583493238,81468,HTTP Request,200,OK,Grupa wątków 1-5,text,true,,321325,429,50,50,https://localhost:5001/ExchangeRate/GetFromDates/,75344,0,8625
1602583498901,79360,HTTP Request,200,OK,Grupa wątków 1-34,text,true,,321325,429,50,50,https://localhost:5001/ExchangeRate/GetFromDates/,75882,0,9319
1602583504038,74649,HTTP Request,200,OK,Grupa wątków 1-44,text,true,,321325,429,50,50,https://localhost:5001/ExchangeRate/GetFromDates/,71063,0,9180
1602583505121,74709,HTTP Request,200,OK,Grupa wątków 1-39,text,true,,321325,429,50,50,https://localhost:5001/ExchangeRate/GetFromDates/,70456,0,10402
1602583507993,74346,HTTP Request,200,OK,Grupa wątków 1-48,text,true,,321325,429,50,50,https://localhost:5001/ExchangeRate/GetFromDates/,71835,0,14701
1602583506022,78028,HTTP Request,200,OK,Grupa wątków 1-27,text,true,,321325,429,50,50,https://localhost:5001/ExchangeRate/GetFromDates/,75422,0,12259
1602583507621,76793,HTTP Request,200,OK,Grupa wątków 1-40,text,true,,321325,429,50,50,https://localhost:5001/ExchangeRate/GetFromDates/,73153,0,12867
1602583509756,76930,HTTP Request,200,OK,Grupa wątków 1-45,text,true,,321325,429,50,50,https://localhost:5001/ExchangeRate/GetFromDates/,73459,0,15312
1602583513959,75337,HTTP Request,200,OK,Grupa wątków 1-3,text,true,,321325,429,50,50,https://localhost:5001/ExchangeRate/GetFromDates/,70597,0,19815
1602583515099,75281,HTTP Request,200,OK,Grupa wątków 1-38,text,true,,321325,429,50,50,https://localhost:5001/ExchangeRate/GetFromDates/,71625,0,20546
1602583512148,81188,HTTP Request,200,OK,Grupa wątków 1-8,text,true,,321325,429,50,50,https://localhost:5001/ExchangeRate/GetFromDates/,76418,0,15155
1602583513396,80591,HTTP Request,200,OK,Grupa wątków 1-18,text,true,,321325,429,50,50,https://localhost:5001/ExchangeRate/GetFromDates/,76551,0,19867
1602583521330,74546,HTTP Request,200,OK,Grupa wątków 1-41,text,true,,321325,429,50,50,https://localhost:5001/ExchangeRate/GetFromDates/,72369,0,16230
1602583512464,86405,HTTP Request,200,OK,Grupa wątków 1-19,text,true,,321325,429,50,50,https://localhost:5001/ExchangeRate/GetFromDates/,82751,0,17335
1602583523053,76321,HTTP Request,200,OK,Grupa wątków 1-13,text,true,,321325,429,50,50,https://localhost:5001/ExchangeRate/GetFromDates/,73830,0,17067
1602583524726,76012,HTTP Request,200,OK,Grupa wątków 1-15,text,true,,321325,429,50,50,https://localhost:5001/ExchangeRate/GetFromDates/,73073,0,22309
1602583524249,77147,HTTP Request,200,OK,Grupa wątków 1-1,text,true,,321325,429,49,49,https://localhost:5001/ExchangeRate/GetFromDates/,73524,0,20002
1602583516097,86637,HTTP Request,200,OK,Grupa wątków 1-6,text,true,,321325,429,49,49,https://localhost:5001/ExchangeRate/GetFromDates/,81697,0,20773
1602583524281,81698,HTTP Request,200,OK,Grupa wątków 1-11,text,true,,321325,429,49,49,https://localhost:5001/ExchangeRate/GetFromDates/,77502,0,22004
1602583530063,82415,HTTP Request,200,OK,Grupa wątków 1-21,text,true,,321325,429,48,48,https://localhost:5001/ExchangeRate/GetFromDates/,78938,0,20262
1602583534626,78626,HTTP Request,200,OK,Grupa wątków 1-47,text,true,,321325,429,48,48,https://localhost:5001/ExchangeRate/GetFromDates/,74487,0,16529
1602583526526,86729,HTTP Request,200,OK,Grupa wątków 1-33,text,true,,321325,429,48,48,https://localhost:5001/ExchangeRate/GetFromDates/,81212,0,21833
1602583540116,80325,HTTP Request,200,OK,Grupa wątków 1-37,text,true,,321325,429,48,48,https://localhost:5001/ExchangeRate/GetFromDates/,75135,0,14382
1602583542116,78326,HTTP Request,200,OK,Grupa wątków 1-35,text,true,,321325,429,48,48,https://localhost:5001/ExchangeRate/GetFromDates/,73224,0,16843
1602583538008,84005,HTTP Request,200,OK,Grupa wątków 1-4,text,true,,321325,429,47,47,https://localhost:5001/ExchangeRate/GetFromDates/,78364,0,14190
1602583541597,81863,HTTP Request,200,OK,Grupa wątków 1-22,text,true,,321325,429,46,46,https://localhost:5001/ExchangeRate/GetFromDates/,76141,0,14954
1602583538118,85415,HTTP Request,200,OK,Grupa wątków 1-32,text,true,,321325,429,46,46,https://localhost:5001/ExchangeRate/GetFromDates/,83172,0,15493
1602583542930,82211,HTTP Request,200,OK,Grupa wątków 1-36,text,true,,321325,429,46,46,https://localhost:5001/ExchangeRate/GetFromDates/,80522,0,19340
1602583543097,83652,HTTP Request,200,OK,Grupa wątków 1-31,text,true,,321325,429,45,45,https://localhost:5001/ExchangeRate/GetFromDates/,80355,0,20515
1602583551146,77431,HTTP Request,200,OK,Grupa wątków 1-25,text,true,,321325,429,44,44,https://localhost:5001/ExchangeRate/GetFromDates/,73902,0,18042
1602583542116,88817,HTTP Request,200,OK,Grupa wątków 1-20,text,true,,321325,429,43,43,https://localhost:5001/ExchangeRate/GetFromDates/,85416,0,19126
1602583545136,85802,HTTP Request,200,OK,Grupa wątków 1-29,text,true,,321325,429,43,43,https://localhost:5001/ExchangeRate/GetFromDates/,81972,0,20244
1602583549334,84115,HTTP Request,200,OK,Grupa wątków 1-9,text,true,,321325,429,43,43,https://localhost:5001/ExchangeRate/GetFromDates/,81646,0,19087
1602583551153,84122,HTTP Request,200,OK,Grupa wątków 1-7,text,true,,321325,429,43,43,https://localhost:5001/ExchangeRate/GetFromDates/,79833,0,19251
1602583552737,83156,HTTP Request,200,OK,Grupa wątków 1-12,text,true,,321325,429,42,42,https://localhost:5001/ExchangeRate/GetFromDates/,76709,0,18812
1602583548357,87838,HTTP Request,200,OK,Grupa wątków 1-49,text,true,,321325,429,42,42,https://localhost:5001/ExchangeRate/GetFromDates/,82623,0,17930
1602583558480,80311,HTTP Request,200,OK,Grupa wątków 1-16,text,true,,321325,429,41,41,https://localhost:5001/ExchangeRate/GetFromDates/,76334,0,19204
1602583561205,80611,HTTP Request,200,OK,Grupa wątków 1-23,text,true,,321325,429,40,40,https://localhost:5001/ExchangeRate/GetFromDates/,78011,0,18626
1602583555542,87105,HTTP Request,200,OK,Grupa wątków 1-28,text,true,,321325,429,39,39,https://localhost:5001/ExchangeRate/GetFromDates/,83313,0,20522
1602583562263,82640,HTTP Request,200,OK,Grupa wątków 1-43,text,true,,321325,429,39,39,https://localhost:5001/ExchangeRate/GetFromDates/,81132,0,22228
1602583562255,83034,HTTP Request,200,OK,Grupa wątków 1-50,text,true,,321325,429,39,39,https://localhost:5001/ExchangeRate/GetFromDates/,80075,0,19190
1602583570526,78570,HTTP Request,200,OK,Grupa wątków 1-2,text,true,,321325,429,38,38,https://localhost:5001/ExchangeRate/GetFromDates/,76140,0,20657
1602583553614,95485,HTTP Request,200,OK,Grupa wątków 1-17,text,true,,321325,429,38,38,https://localhost:5001/ExchangeRate/GetFromDates/,92474,0,20187
1602583563552,86886,HTTP Request,200,OK,Grupa wątków 1-46,text,true,,321325,429,38,38,https://localhost:5001/ExchangeRate/GetFromDates/,85200,0,24854
1602583568421,82017,HTTP Request,200,OK,Grupa wątków 1-24,text,true,,321325,429,38,38,https://localhost:5001/ExchangeRate/GetFromDates/,79979,0,21225
1602583563889,88146,HTTP Request,200,OK,Grupa wątków 1-26,text,true,,321325,429,36,36,https://localhost:5001/ExchangeRate/GetFromDates/,84482,0,24539
1602583563537,92041,HTTP Request,200,OK,Grupa wątków 1-10,text,true,,321325,429,36,36,https://localhost:5001/ExchangeRate/GetFromDates/,88586,0,23146
1602583574707,83913,HTTP Request,200,OK,Grupa wątków 1-5,text,true,,321325,429,35,35,https://localhost:5001/ExchangeRate/GetFromDates/,80125,0,19036
1602583568461,90161,HTTP Request,200,OK,Grupa wątków 1-42,text,true,,321325,429,34,34,https://localhost:5001/ExchangeRate/GetFromDates/,84752,0,21921
1602583568428,90508,HTTP Request,200,OK,Grupa wątków 1-14,text,true,,321325,429,33,33,https://localhost:5001/ExchangeRate/GetFromDates/,88610,0,21218
1602583578687,81700,HTTP Request,200,OK,Grupa wątków 1-44,text,true,,321325,429,32,32,https://localhost:5001/ExchangeRate/GetFromDates/,79742,0,18240
1602583584049,76351,HTTP Request,200,OK,Grupa wątków 1-27,text,true,,321325,429,31,31,https://localhost:5001/ExchangeRate/GetFromDates/,74407,0,14827
1602583579830,80570,HTTP Request,200,OK,Grupa wątków 1-39,text,true,,321325,429,31,31,https://localhost:5001/ExchangeRate/GetFromDates/,79716,0,17925
1602583586686,74671,HTTP Request,200,OK,Grupa wątków 1-45,text,true,,321325,429,29,29,https://localhost:5001/ExchangeRate/GetFromDates/,73744,0,13640
1602583584415,76982,HTTP Request,200,OK,Grupa wątków 1-40,text,true,,321325,429,28,28,https://localhost:5001/ExchangeRate/GetFromDates/,76020,0,15246
1602583593336,68064,HTTP Request,200,OK,Grupa wątków 1-8,text,true,,321325,429,27,27,https://localhost:5001/ExchangeRate/GetFromDates/,67087,0,12643
1602583582340,79133,HTTP Request,200,OK,Grupa wątków 1-48,text,true,,321325,429,26,26,https://localhost:5001/ExchangeRate/GetFromDates/,78987,0,16529
1602583568430,93380,HTTP Request,200,OK,Grupa wątków 1-30,text,true,,321325,429,25,25,https://localhost:5001/ExchangeRate/GetFromDates/,91984,0,21949
1602583578261,83665,HTTP Request,200,OK,Grupa wątków 1-34,text,true,,321325,429,24,24,https://localhost:5001/ExchangeRate/GetFromDates/,82166,0,16954
1602583590381,73098,HTTP Request,200,OK,Grupa wątków 1-38,text,true,,321325,429,23,23,https://localhost:5001/ExchangeRate/GetFromDates/,71093,0,13142
1602583589297,74370,HTTP Request,200,OK,Grupa wątków 1-3,text,true,,321325,429,22,22,https://localhost:5001/ExchangeRate/GetFromDates/,71126,0,12497
1602583595877,73039,HTTP Request,200,OK,Grupa wątków 1-41,text,true,,321325,429,21,21,https://localhost:5001/ExchangeRate/GetFromDates/,69302,0,11804
1602583598869,72980,HTTP Request,200,OK,Grupa wątków 1-19,text,true,,321325,429,20,20,https://localhost:5001/ExchangeRate/GetFromDates/,72038,0,10131
1602583612478,59649,HTTP Request,200,OK,Grupa wątków 1-21,text,true,,321325,429,19,19,https://localhost:5001/ExchangeRate/GetFromDates/,57895,0,4112
1602583601397,70733,HTTP Request,200,OK,Grupa wątków 1-1,text,true,,321325,429,18,18,https://localhost:5001/ExchangeRate/GetFromDates/,69830,0,11863
1602583602736,69436,HTTP Request,200,OK,Grupa wątków 1-6,text,true,,321325,429,17,17,https://localhost:5001/ExchangeRate/GetFromDates/,67855,0,12473
1602583599374,72938,HTTP Request,200,OK,Grupa wątków 1-13,text,true,,321325,429,16,16,https://localhost:5001/ExchangeRate/GetFromDates/,71532,0,11970
1602583593987,78499,HTTP Request,200,OK,Grupa wątków 1-18,text,true,,321325,429,15,15,https://localhost:5001/ExchangeRate/GetFromDates/,75687,0,13680
1602583613252,60276,HTTP Request,200,OK,Grupa wątków 1-47,text,true,,321325,429,14,14,https://localhost:5001/ExchangeRate/GetFromDates/,59675,0,5267
1602583623461,50113,HTTP Request,200,OK,Grupa wątków 1-22,text,true,,321325,429,13,13,https://localhost:5001/ExchangeRate/GetFromDates/,48818,0,1586
1602583613254,60365,HTTP Request,200,OK,Grupa wątków 1-33,text,true,,321325,429,12,12,https://localhost:5001/ExchangeRate/GetFromDates/,59270,0,8750
1602583623533,51156,HTTP Request,200,OK,Grupa wątków 1-32,text,true,,321325,429,11,11,https://localhost:5001/ExchangeRate/GetFromDates/,50041,0,3253
1602583620443,55331,HTTP Request,200,OK,Grupa wątków 1-37,text,true,,321325,429,10,10,https://localhost:5001/ExchangeRate/GetFromDates/,53957,0,3027
1602583633450,44046,HTTP Request,200,OK,Grupa wątków 1-9,text,true,,321325,429,9,9,https://localhost:5001/ExchangeRate/GetFromDates/,43303,0,4386
1602583630939,47175,HTTP Request,200,OK,Grupa wątków 1-29,text,true,,321325,429,8,8,https://localhost:5001/ExchangeRate/GetFromDates/,46577,0,3885
1602583635894,42493,HTTP Request,200,OK,Grupa wątków 1-12,text,true,,321325,429,7,7,https://localhost:5001/ExchangeRate/GetFromDates/,41924,0,4353
1602583630934,47952,HTTP Request,200,OK,Grupa wątków 1-20,text,true,,321325,429,6,6,https://localhost:5001/ExchangeRate/GetFromDates/,47096,0,1284
1602583642647,37023,HTTP Request,200,OK,Grupa wątków 1-28,text,true,,321325,429,5,5,https://localhost:5001/ExchangeRate/GetFromDates/,36377,0,917
1602583644903,35537,HTTP Request,200,OK,Grupa wątków 1-43,text,true,,321325,429,4,4,https://localhost:5001/ExchangeRate/GetFromDates/,35138,0,1607
1602583652036,28690,HTTP Request,200,OK,Grupa wątków 1-26,text,true,,321325,429,3,3,https://localhost:5001/ExchangeRate/GetFromDates/,28654,0,1546
1602583649096,31932,HTTP Request,200,OK,Grupa wątków 1-2,text,true,,321325,429,2,2,https://localhost:5001/ExchangeRate/GetFromDates/,31922,0,1326
1602583649099,31954,HTTP Request,200,OK,Grupa wątków 1-17,text,true,,321325,429,1,1,https://localhost:5001/ExchangeRate/GetFromDates/,31944,0,2936
